position,wt_aa,mut_aa,variant,ddG_average,dynamut2,ddmut,ddgemb,category,source,in_open,in_closed,in_af
33,L,P,L33P,-0.78,-0.39,-2.26,0.31,benign,ClinVar,TRUE,TRUE,TRUE
204,R,Q,R204Q,-0.24,-0.61,0.19,-0.3,benign,ClinVar,TRUE,TRUE,TRUE
215,G,S,G215S,-0.05333333333,-0.59,-0.49,0.92,protective,Sassi 2016,TRUE,TRUE,TRUE
325,R,Q,R325Q,-0.28,-0.66,0.03,-0.21,benign,ClinVar,TRUE,TRUE,TRUE
414,A,G,A414G,-0.74,-0.48,-0.88,-0.86,benign,ClinVar,TRUE,TRUE,TRUE
463,R,H,R463H,-1.19,-0.93,-1,-1.64,benign,ClinVar,TRUE,TRUE,TRUE
589,A,V,A589V,-0.4533333333,-0.63,0.04,-0.77,benign,ClinVar,TRUE,TRUE,TRUE
620,L,P,L620P,-1.816666667,-0.57,-2.49,-2.39,pathogenic,Bossaerts 2022,TRUE,TRUE,TRUE
676,A,T,A676T,-0.1933333333,-0.46,0.07,-0.19,benign,ClinVar,TRUE,TRUE,TRUE
680,R,Q,R680Q,-0.1733333333,-0.62,0.02,0.08,benign,ClinVar,TRUE,TRUE,TRUE
718,N,T,N718T,-0.07666666667,0.18,0.46,-0.87,benign,ClinVar,TRUE,TRUE,TRUE
726,D,Y,D726Y,0.08,0.25,0.19,-0.2,benign,ClinVar,TRUE,TRUE,TRUE
742,A,V,A742V,0.07,-0.63,-0.02,0.86,benign,ClinVar,TRUE,TRUE,TRUE
758,Q,H,Q758H,-0.2033333333,0.2,0.04,-0.85,benign,ClinVar,TRUE,TRUE,TRUE
826,G,R,G826R,-0.57,-0.97,-0.06,-0.68,pathogenic,Bossaerts 2022,TRUE,TRUE,TRUE
845,A,V,A845V,-1.386666667,-1.3,-1.12,-1.74,pathogenic,Bossaerts 2022,TRUE,TRUE,TRUE
880,R,Q,R880Q,-0.7533333333,-0.54,-0.14,-1.58,pathogenic,Bossaerts 2022,TRUE,TRUE,TRUE
885,V,I,V885I,-0.1266666667,-0.61,-0.39,0.62,benign,ClinVar,TRUE,TRUE,TRUE
964,D,E,D964E,-0.1866666667,-0.22,-0.36,0.02,benign,ClinVar,TRUE,TRUE,TRUE
989,R,H,R989H,-1.39,-0.97,-0.94,-2.26,pathogenic,Bossaerts 2022,TRUE,TRUE,TRUE
1106,T,M,T1106M,-0.18,-0.33,0.05,-0.26,benign,ClinVar,TRUE,FALSE,TRUE
1123,R,Q,R1123Q,-0.49,-0.7,-0.32,-0.45,benign,ClinVar,TRUE,FALSE,TRUE
1150,C,S,C1150S,-0.62,-0.53,-2.27,0.94,benign,ClinVar,TRUE,TRUE,TRUE
1218,R,H,R1218H,-0.3866666667,-1.2,0.43,-0.39,benign,ClinVar,TRUE,TRUE,TRUE
1237,R,H,R1237H,-0.6233333333,-0.56,0.05,-1.36,benign,ClinVar,TRUE,TRUE,TRUE
1244,V,M,V1244M,-0.4233333333,-0.1,-0.11,-1.06,benign,ClinVar,TRUE,TRUE,TRUE
1349,R,W,R1349W,-0.08666666667,-0.15,0,-0.11,benign,ClinVar,TRUE,TRUE,TRUE
1374,G,S,G1374S,0.06333333333,-0.08,-0.11,0.38,benign,ClinVar,TRUE,TRUE,TRUE
1400,R,H,R1400H,-0.5033333333,-1.2,-0.36,0.05,benign,ClinVar,TRUE,TRUE,TRUE
1505,R,H,R1505H,-1.096666667,-0.87,-1,-1.42,benign,ClinVar,TRUE,TRUE,TRUE
1527,G,A,G1527A,0.3366666667,-0.01,-0.06,1.08,benign,Von Maydell 2025,TRUE,TRUE,TRUE
1599,V,M,V1599M,-0.1933333333,0.44,-0.41,-0.61,benign,ClinVar,TRUE,TRUE,TRUE
1629,S,L,S1629L,-0.3566666667,-0.52,0.53,-1.08,benign,ClinVar,TRUE,TRUE,TRUE
1643,V,M,V1643M,-0.3133333333,-0.46,-0.13,-0.35,benign,ClinVar,TRUE,TRUE,TRUE
1686,Q,R,Q1686R,-0.25,-0.18,0.09,-0.66,benign,ClinVar,TRUE,TRUE,TRUE
1690,I,T,I1690T,-1.333333333,-1.41,-0.3,-2.29,benign,ClinVar,TRUE,TRUE,TRUE
1723,S,L,S1723L,-0.11,0.39,-0.08,-0.64,benign,ClinVar,TRUE,TRUE,TRUE
1731,G,S,G1731S,-0.9233333333,-0.93,-0.02,-1.82,pathogenic,Bossaerts 2022,TRUE,TRUE,TRUE
1778,R,H,R1778H,-0.8733333333,-1.16,0.01,-1.47,benign,ClinVar,TRUE,TRUE,TRUE
1820,G,S,G1820S,-0.14,-0.01,-0.06,-0.35,pathogenic,Bossaerts 2022,TRUE,TRUE,TRUE
1919,A,S,A1919S,-0.59,-0.64,-0.07,-1.06,benign,ClinVar,TRUE,TRUE,TRUE
1932,R,C,R1932C,0.05666666667,-0.62,0.74,0.05,pathogenic,Bossaerts 2022,TRUE,TRUE,TRUE
1938,L,V,L1938V,-0.2,-0.93,-0.11,0.44,benign,ClinVar,TRUE,TRUE,TRUE
1952,P,R,P1952R,-0.3,-0.6,0.55,-0.85,pathogenic,Bossaerts 2022,TRUE,TRUE,TRUE
1988,C,F,C1988F,-0.7833333333,-0.6,-0.94,-0.81,benign,ClinVar,TRUE,TRUE,TRUE
2045,A,S,A2045S,-0.8233333333,-0.42,-0.43,-1.62,benign,ClinVar,TRUE,FALSE,FALSE
2071,F,C,F2071C,-1.063333333,-1.25,-0.38,-1.56,benign,ClinVar,TRUE,FALSE,FALSE
2100,F,S,F2100S,-1.41,-1.3,-1.05,-1.88,pathogenic,Bossaerts 2022,TRUE,TRUE,FALSE